{
    "name": "deadlands_classic",
    "title": "Deadlands Classic",
    "description": "An implementation of a classic wild west roleplay system.",
    "version": "0.0.11",
    "minimumCoreVersion": "0.7.5",
    "compatibleCoreVersion": "0.7.8",
    "templateVersion": 1,
    "author": "Rhombus Weasel",
    "esmodules": ["module/deadlands.js"],
    "styles": ["styles/player-sheet.css"],
    "packs": [],
    "languages": [
      {
        "lang": "en",
        "name": "English",
        "path": "lang/en.json"
      }
    ],
    "gridDistance": 1.666667,
    "gridUnits": "yd",
    "primaryTokenAttribute": "wind",
    "secondaryTokenAttribute": "rounds",
    "url": "https://github.com/RhombusWeasel/Deadlands-Classic",
    "manifest": "https://raw.githubusercontent.com/RhombusWeasel/Deadlands-Classic/main/system.json",
    "download": "https://github.com/RhombusWeasel/Deadlands-Classic/releases/download/0.0.11/deadlands_classic.zip",
    "license": "LICENSE.txt"
  }