{
    "Actor": {
        "types": [
            "player",
            "npc",
            "mook"
        ],
        "templates": {
            "core": {
                "size": 6,
                "pace": 4,
                "wind": {
                    "min": 0,
                    "max": 1,
                    "value": 1
                },
                "grit": 0,
                "cash": 0,
                "bounty": {
                    "min": 0,
                    "max": 0,
                    "value": 0
                }
            }
        },
        "player": {
            "templates": [
                "core",
                "attributes"
            ],
            "traits": {
                "cognition": {
                    "name": "Cognition",
                    "level": 0,
                    "die_type": "d4",
                    "modifier": 0,
                    "skills": {
                        "artillery": {
                            "name": "Artillery",
                            "level": 0,
                            "modifier": -8
                        },
                        "art": {
                            "name": "Art",
                            "level": 0,
                            "modifier": -8
                        },
                        "scrutinize": {
                            "name": "Scrutinize",
                            "level": 0,
                            "modifier": -8
                        },
                        "search": {
                            "name": "Search",
                            "level": 1,
                            "modifier": 0
                        },
                        "trackin": {
                            "name": "Trackin",
                            "level": 0,
                            "modifier": -8
                        }
                    }
                },
                "deftness": {
                    "name": "Deftness",
                    "level": 0,
                    "die_type": "d4",
                    "modifier": 0,
                    "skills": {
                        "bow": {
                            "name": "Bow",
                            "level": 0,
                            "modifier": -8
                        },
                        "filchin": {
                            "name": "Filchin",
                            "level": 0,
                            "modifier": -8
                        },
                        "lockpickin": {
                            "name": "Lockpickin",
                            "level": 0,
                            "modifier": -8
                        },
                        "shootin_pistol": {
                            "name": "Shootin Pistol",
                            "level": 0,
                            "modifier": -8
                        },
                        "shootin_rifle": {
                            "name": "Shootin Rifle",
                            "level": 0,
                            "modifier": -8
                        },
                        "shootin_shotgun": {
                            "name": "Shootin Shotgun",
                            "level": 0,
                            "modifier": -8
                        },
                        "shootin_automatic": {
                            "name": "Shootin Automatic",
                            "level": 0,
                            "modifier": -8
                        },
                        "sleight_o_hand": {
                            "name": "Sleight o Hand",
                            "level": 0,
                            "modifier": -8
                        },
                        "speed_load": {
                            "name": "Speed Load",
                            "level": 0,
                            "modifier": -8
                        },
                        "throwin": {
                            "name": "Throwin",
                            "level": 0,
                            "modifier": -8
                        }
                    }
                },
                "knowledge": {
                    "name": "Knowledge",
                    "level": 0,
                    "die_type": "d4",
                    "modifier": 0,
                    "skills": {
                        "academia": {
                            "name": "Academia",
                            "level": 0,
                            "modifier": -8
                        },
                        "academia_1": {
                            "name": "Academia II",
                            "level": 0,
                            "modifier": -8
                        },
                        "academia_2": {
                            "name": "Academia III",
                            "level": 0,
                            "modifier": -8
                        },
                        "area_knowledge": {
                            "name": "Area Knowledge",
                            "level": 0,
                            "modifier": -8
                        },
                        "demolition": {
                            "name": "Demolition",
                            "level": 0,
                            "modifier": -8
                        },
                        "disguise": {
                            "name": "Disguise",
                            "level": 0,
                            "modifier": -8
                        },
                        "mad_science": {
                            "name": "Mad Science",
                            "level": 0,
                            "modifier": -8
                        },
                        "medicine": {
                            "name": "Medicine",
                            "level": 0,
                            "modifier": -8
                        },
                        "professional": {
                            "name": "Professional",
                            "level": 0,
                            "modifier": -8
                        },
                        "professional_2": {
                            "name": "Professional II",
                            "level": 0,
                            "modifier": -8
                        },
                        "science": {
                            "name": "Science",
                            "level": 0,
                            "modifier": -8
                        },
                        "science_2": {
                            "name": "Science II",
                            "level": 0,
                            "modifier": -8
                        },
                        "science_3": {
                            "name": "Science III",
                            "level": 0,
                            "modifier": -8
                        },
                        "science_4": {
                            "name": "Science IV",
                            "level": 0,
                            "modifier": -8
                        },
                        "trade": {
                            "name": "Trade",
                            "level": 0,
                            "modifier": -8
                        },
                        "trade_2": {
                            "name": "Trade II",
                            "level": 0,
                            "modifier": -8
                        }
                    }
                },
                "mien": {
                    "name": "Mien",
                    "level": 0,
                    "die_type": "d4",
                    "modifier": 0,
                    "skills": {
                        "animal_wranglin": {
                            "name": "Animal Wranglin",
                            "level": 0,
                            "modifier": -8
                        },
                        "leadership": {
                            "name": "Leadership",
                            "level": 0,
                            "modifier": -8
                        },
                        "overawe": {
                            "name": "Overawe",
                            "level": 0,
                            "modifier": -8
                        },
                        "performin": {
                            "name": "Performin",
                            "level": 0,
                            "modifier": -8
                        },
                        "performin_2": {
                            "name": "Performin II",
                            "level": 0,
                            "modifier": -8
                        },
                        "persuasion": {
                            "name": "Persuasion",
                            "level": 0,
                            "modifier": -8
                        },
                        "tale_tellin": {
                            "name": "Tale Tellin",
                            "level": 0,
                            "modifier": -8
                        }
                    }
                },
                "nimbleness": {
                    "name": "Nimbleness",
                    "level": 0,
                    "die_type": "d4",
                    "modifier": 0,
                    "skills": {
                        "climbin": {
                            "name": "Climbin",
                            "level": 1,
                            "modifier": 0
                        },
                        "dodge": {
                            "name": "Dodge",
                            "level": 0,
                            "modifier": -8
                        },
                        "drivin": {
                            "name": "Drivin",
                            "level": 0,
                            "modifier": -8
                        },
                        "fightin": {
                            "name": "Fightin (Brawlin)",
                            "level": 0,
                            "modifier": -8
                        },
                        "fightin_2": {
                            "name": "Fightin II",
                            "level": 0,
                            "modifier": -8
                        },
                        "horse_ridin": {
                            "name": "Horse Ridin",
                            "level": 0,
                            "modifier": -8
                        },
                        "sneak": {
                            "name": "Sneak",
                            "level": 1,
                            "modifier": 0
                        },
                        "swimmin": {
                            "name": "Swimmin",
                            "level": 0,
                            "modifier": -8
                        },
                        "teamster": {
                            "name": "Teamster",
                            "level": 0,
                            "modifier": -8
                        }
                    }
                },
                "quickness": {
                    "name": "Quickness",
                    "level": 0,
                    "die_type": "d4",
                    "modifier": 0,
                    "skills": {
                        "quick_draw": {
                            "name": "Quick Draw",
                            "level": 0,
                            "modifier": -8
                        }
                    }
                },
                "smarts": {
                    "name": "Smarts",
                    "level": 0,
                    "die_type": "d4",
                    "modifier": 0,
                    "skills": {
                        "bluff": {
                            "name": "Bluff",
                            "level": 0,
                            "modifier": -8
                        },
                        "gamblin": {
                            "name": "Gamblin",
                            "level": 0,
                            "modifier": -8
                        },
                        "ridicule": {
                            "name": "Ridicule",
                            "level": 0,
                            "modifier": -8
                        },
                        "scroungin": {
                            "name": "Scroungin",
                            "level": 0,
                            "modifier": -8
                        },
                        "streetwise": {
                            "name": "Streetwise",
                            "level": 0,
                            "modifier": -8
                        },
                        "survival": {
                            "name": "Survival",
                            "level": 0,
                            "modifier": -8
                        },
                        "tinkerin": {
                            "name": "Tinkerin",
                            "level": 0,
                            "modifier": -8
                        }
                    }
                },
                "spirit": {
                    "name": "Spirit",
                    "level": 0,
                    "die_type": "d4",
                    "modifier": 0,
                    "skills": {
                        "faith": {
                            "name": "Faith",
                            "level": 0,
                            "modifier": -8
                        },
                        "guts": {
                            "name": "Guts",
                            "level": 0,
                            "modifier": -8
                        }
                    }
                },
                "strength": {
                    "name": "Strength",
                    "level": 0,
                    "die_type": "d4",
                    "modifier": 0,
                    "skills": {}
                },
                "vigor": {
                    "name": "Vigor",
                    "level": 0,
                    "die_type": "d4",
                    "modifier": 0,
                    "skills": {}
                }
            }
        },
        "npc": {
            "templates": [
                "core"
            ]
        },
        "mook": {
            "templates": [
                "core"
            ]
        }
    },
    "Item": {
        "types": [
            "firearm",
            "melee",
            "miracle",
            "hex",
            "favor"
        ],
        "templates": {
            "description": {
                "description": ""
            }
        },
        "firearm": {
            "templates": [
                "description"
            ],
            "calibur": ".44",
            "speed": 1,
            "range": 10,
            "rof": 1,
            "shots": {
                "value": 1,
                "max": 1
            },
            "damage":"3d6x="
        },
        "melee": {
            "templates": [
                "description"
            ]
        },
        "miracle": {
            "templates": [
                "description"
            ]
        },
        "hex": {
            "templates": [
                "description"
            ]
        },
        "favor": {
            "templates": [
                "description"
            ]
        }
    }
}